Title,Image
تصاميم كراسي خشبية CNC جاهزة للقص,https://drive.google.com/thumbnail?id=1Zb2q6rVRmFu4fQ5PTwTon0o954_vyec7&sz=w1000
كراسي ديكور فاخرة ملفات CNC Router,https://drive.google.com/thumbnail?id=16RXdDQikpzp34qDfnvQK4TTJpvMG2YgX&sz=w1000
مجموعة كراسي خشب مودرن للقطع بالليزر CNC,https://drive.google.com/thumbnail?id=169DmvtX1Y0Mc2UScTT1osz7mM-31u9-9&sz=w1000
تصاميم كراسي مغربية تقليدية CNC PDF,https://drive.google.com/thumbnail?id=1k0BFzdyMBR8xph7wPbA6xsyey38LlQQ-&sz=w1000
أفكار كراسي خشبية فخمة للـ CNC و Laser Cut,https://drive.google.com/thumbnail?id=1cN0RGvU4E8RXyc_cU2gxaVrnlTrXzuKq&sz=w1000
نماذج كراسي 3D خشبية جاهزة للـ CNC Machine,https://drive.google.com/thumbnail?id=12FdJpMViviMbSOSSGIKWAMyEuS_Y7jhw&sz=w1000
تصاميم كراسي أنيقة للديكور الداخلي CNC Files,https://drive.google.com/thumbnail?id=1KTkhNndMfjSGpmtSTIOjSsdhQfV8E3IC&sz=w1000
مجموعة كراسي كلاسيكية للقص بالراوتر CNC,https://drive.google.com/thumbnail?id=1SmMUsT5khmK7j3TwaIg3b3DinBVdGRCO&sz=w1000
تصاميم كراسي خشبية CNC جاهزة للقطع,https://drive.google.com/thumbnail?id=1RYZHQRyZQhe0wT_0_3p9ERYFH_MOJ0r5&sz=w1000
مجموعة كراسي مودرن للـ Laser Cut و CNC,https://drive.google.com/thumbnail?id=1q9qlVaU5IZm1Iv30prNO8LLKqJw6EQjU&sz=w1000
ملفات كراسي خشبية احترافية للديكور,https://drive.google.com/thumbnail?id=1qo6ouG0__tJxG_G8SE1o7RPJx1Grm4-5&sz=w1000
نماذج كراسي 3D للـ CNC Router,https://drive.google.com/thumbnail?id=11_DqC9GqW5nQ1V-YREm2fbcQnYbPlYaB&sz=w1000
تصميم كرسي الشاطئ الخشبي CNC,https://drive.google.com/thumbnail?id=1l_YbWjbvEBsUagXiTz5BNAOWfidB2tUx&sz=w1000
كراسي التخييم Camping Chair SVG/DXF,https://drive.google.com/thumbnail?id=1AG_x5dKj6p9JjjStWgowChvO4su7LlyO&sz=w1000
كرسي الاسترخاء الخشبي Relax Chair CNC File,https://drive.google.com/thumbnail?id=1ZqupIwSBwY2VoXLozttzcqCwbLQ5ba_B&sz=w1000
نماذج كراسي خارجية للحدائق والرحلات CNC,https://drive.google.com/thumbnail?id=1bUljFAiYt7NQy8oZtRNHQkEjdE-588mU&sz=w1000
تصميم كرسي هزاز خشبي CNC جاهز للقص,https://drive.google.com/thumbnail?id=1rvCsUbcZGlLHjgwqFibpAX0BFLdIlB05&sz=w1000
ملفات كرسي Rocking Chair للـ Laser Cut,https://drive.google.com/thumbnail?id=1Cc257_OKlLVnhUgae5XMLcHdrUzpQkoZ&sz=w1000
كرسي كلاسيكي خشبي للديكور الداخلي CNC,https://drive.google.com/thumbnail?id=1bvCbLKFVksxvsHyl3il3_9wdsQVbHA3I&sz=w1000
نموذج كرسي خشبي تقليدي احترافي,https://drive.google.com/thumbnail?id=1huvbAiU_4ulqJfKW8ARC674pTQpfBmo8&sz=w1000
كرسي أطفال خشبي Mini Chair CNC Design,https://drive.google.com/thumbnail?id=1nFxs0o_J-ZjNOlnMTpltPKvpL3ebVakE&sz=w1000
نموذج كرسي دمية Doll Chair Laser Cut,https://drive.google.com/thumbnail?id=1O4kNDBj8cAcolmjjn_86hT7kdDe4B50U&sz=w1000
طقم كراسي صغيرة للأطفال MDF CNC Files,https://drive.google.com/thumbnail?id=1kSFVM8iSeFjzyvEb3wJBjbtFODMHDv4Y&sz=w1000
ملفات كراسي CNC جاهزة للقص بالليزر,https://drive.google.com/thumbnail?id=18--F4sXZrbBGESUcAw2Km6KPyDPzeG4f&sz=w1000
تصاميم كراسي خشبية SVG DXF,https://drive.google.com/thumbnail?id=1fa7kMKR18Oy0bBd00eiU6xr_S4RaaPJl&sz=w1000
Chair Laser Cut Files Collection,https://drive.google.com/thumbnail?id=19CkINJ1q_ykTH69DqHmcwgGvrSSR7Jim&sz=w1000
كراسي خشبية احترافية CNC,https://drive.google.com/thumbnail?id=1az9GF36MFYf2-g_DqVYQlQEAvzaF5V7z&sz=w1000
ملفات تصميم كرسي خشبي مودرن,https://drive.google.com/thumbnail?id=1CHrDakuosImy4UJaT6AUX7KwCYDrpeqw&sz=w1000
Adirondack Chair SVG Design,https://drive.google.com/thumbnail?id=1BKlVGMf4xzWx-QlhfvfSgPo2LPEgYURw&sz=w1000
Rocking Chair CNC File,https://drive.google.com/thumbnail?id=16IXxucUktQj7gRPvKXL--Bedzqx7Hhsv&sz=w1000
Office Chair Laser Cut Plan,https://drive.google.com/thumbnail?id=17MYKSzT8XqvRO7B0Md2W-YLXXUKkdgtT&sz=w1000
Beach Chair SVG Monogram,https://drive.google.com/thumbnail?id=1KKMaWDFEzR37RXtzTzWGA85vi3-S6xi3&sz=w1000
Mini Wooden Chair Template,https://drive.google.com/thumbnail?id=1F49pCWXuYy0jt1lsfU8cI8Vksu6fJwQV&sz=w1000
Relax Chair CNC Vector File,https://drive.google.com/thumbnail?id=1WD8VhAva3wdRuXuEFgeQYlpzy2BaZQEL&sz=w1000
Chair 3D Wood Design CNC,https://drive.google.com/thumbnail?id=1y7WpyNYHywaqQGdDwyGsQs1i_pybnd7T&sz=w1000
ملفات كراسي خشبية للراوتر,https://drive.google.com/thumbnail?id=1X0uhfzpqIsi1747xhduQwszlzZMQRCSz&sz=w1000
Laser Cut Wooden Chair Plans,https://drive.google.com/thumbnail?id=1sNzXQga5aJeC0rk-jH9TcH7GVfdA_YRx&sz=w1000
Chair SVG DXF Free Files,https://drive.google.com/thumbnail?id=1km1RdTsNSnNtMyDaIwFpK9YN7mRsUGRP&sz=w1000
تصاميم كراسي ديكور خشبي,https://drive.google.com/thumbnail?id=1e2_4Md3K5lNtWeVjyxpW37qDq9Hy0Qtb&sz=w1000
CNC Furniture Chair Design,https://drive.google.com/thumbnail?id=1LbRjYOamHyGSV_wqBRRNC5ma81YDHOZU&sz=w1000
Wooden Chair Template Laser,https://drive.google.com/thumbnail?id=1GFbNhm4eQm05N3OFS-_jxysCsGF9wstg&sz=w1000
Modern Chair CNC Pattern,https://drive.google.com/thumbnail?id=1YNNiilnOePqV1Qe1QIh5vK_FJ0R7O2WY&sz=w1000
Classic Wooden Chair SVG,https://drive.google.com/thumbnail?id=1M7N1Po-IbcNwbdfWQi4S0_KL5mc0_Zyj&sz=w1000
Kids Chair Laser Cut File,https://drive.google.com/thumbnail?id=1ylv92Q9lU3bfaEes144M46ScZWexs4my&sz=w1000
Doll Chair Mini Design CNC,https://drive.google.com/thumbnail?id=1av2Ule4UH5jXYz-_uh9oMvoK8pBA3AyO&sz=w1000
Folding Chair SVG DXF,https://drive.google.com/thumbnail?id=1HMAvd4wXBvTMCHSl4GWhPInuDTXxgDpF&sz=w1000
Garden Chair CNC Design,https://drive.google.com/thumbnail?id=1Uj4zjsYlKjmuDmNvJOORVulJtmNa6vrz&sz=w1000
Beach Lounge Chair SVG,https://drive.google.com/thumbnail?id=1h3Fv4YJroex2tgdVP6BT0OQ63cKvJrWM&sz=w1000
Rocking Mini Chair Template,https://drive.google.com/thumbnail?id=1gI0khcPmBn1GowrtEk3UIBzy4OFSWUnP&sz=w1000
Chair Silhouette SVG Pack,https://drive.google.com/thumbnail?id=1WJeHeLDWzOVz7r743WKFNu24WUd4ZUDE&sz=w1000
Office Desk Chair DXF,https://drive.google.com/thumbnail?id=1uCX648vf_gfjgf7oRtuGecd9aT-SdLcZ&sz=w1000
Barber Chair SVG Design,https://drive.google.com/thumbnail?id=1ho6KC051l4V7CSkdRqkRi0yuN1-Uqf_-&sz=w1000
Director Chair CNC File,https://drive.google.com/thumbnail?id=1AlfHTnwcE3qHLJQjD7O-VYUB97QvPYuH&sz=w1000
Chair Woodworking Plans CNC,https://drive.google.com/thumbnail?id=1b8uDU7_GO2kO65EduuVKNEbMXkQrkO8x&sz=w1000
Wooden Furniture Chair Pack,https://drive.google.com/thumbnail?id=1slrc2q50nO4GKEeCeBjV6SpkO9e1s01Y&sz=w1000
Laser Cut Chair Free Files,https://drive.google.com/thumbnail?id=1e_Xg0D8V2dgsieSde2n-oXik8oc9s6Ct&sz=w1000
CNC Chair Vector Collection,https://drive.google.com/thumbnail?id=1lzROv8kRh8a3HZHMWmTkk_7KVZlfusE8&sz=w1000
Chair SVG Monogram Bundle,https://drive.google.com/thumbnail?id=10gwjCSBOJ_fZUrIP8nwXMclUXcT6NNHO&sz=w1000
Elegant Chair Laser Design,https://drive.google.com/thumbnail?id=1LyhQCbzpWhigmndATtNDeNjUGZaoNuAw&sz=w1000
Rustic Chair CNC Template,https://drive.google.com/thumbnail?id=1BKnvSgQySgT6G2krKjObYUu-DFMCJfdC&sz=w1000
Chair Furniture DXF Files,https://drive.google.com/thumbnail?id=1wfwq7o_jeFna1zmAbi8I1JoZ2FJXEIiz&sz=w1000
3D Chair Laser Cut Model,https://drive.google.com/thumbnail?id=1Oz0RspSzBOulOiS7DC0Eir2qbijASuIy&sz=w1000
Wooden Chair Craft Plans,https://drive.google.com/thumbnail?id=1za9Hdz7DOBLLMibjVlISWfXxT4k1QLnR&sz=w1000
Modern Furniture Chair SVG,https://drive.google.com/thumbnail?id=131Osiv3p-ElUc-OeODlodkvL6wxRm19d&sz=w1000
Outdoor Chair CNC Design,https://drive.google.com/thumbnail?id=1N-dwy_YoA48soRoHA9OSIMJH3Fz1USKj&sz=w1000
Chair Cut File Collection,https://drive.google.com/thumbnail?id=1fA-FLN16_IhCpQ2fu8P5lVoZ_rjvvN4B&sz=w1000
Wooden Chair Pattern DXF,https://drive.google.com/thumbnail?id=1Y_rP_58oIr9tmsJoVSboQa06l9GSDots&sz=w1000
Laser Chair Template Pack,https://drive.google.com/thumbnail?id=1Il0Z0DS79o2Huo2DsWkbXarWajN0xJVe&sz=w1000
CNC Chair Decorative Design,https://drive.google.com/thumbnail?id=12P44xZBKaLK3iiz9FDZE89ywxOCs5zr8&sz=w1000
Wooden Chair Art SVG,https://drive.google.com/thumbnail?id=1Gnkx99JEblKjE0lGUQiuVKpb29d0tUBB&sz=w1000
Chair Furniture Laser Plan,https://drive.google.com/thumbnail?id=1YL5XlQa3Yd9ynqM29oC6I8VY4gFpIJZq&sz=w1000
Minimal Chair CNC File,https://drive.google.com/thumbnail?id=1oHtIT7VU-YhJd1hVPhmKixIq54kKh48Q&sz=w1000
Chair Vector Art Collection,https://drive.google.com/thumbnail?id=1MO8P7J_mj0esjYBgEeRgOJOl6rauP3Uf&sz=w1000
Classic Chair Wood Design,https://drive.google.com/thumbnail?id=1ZA2kCQ7ZtFeLfmpsOk6WKIXr5-J8Myr3&sz=w1000
Simple Chair SVG DXF,https://drive.google.com/thumbnail?id=1SNxmpLSb820BcXOhdjGGnv-d12vmzkut&sz=w1000
Chair Template Free CNC,https://drive.google.com/thumbnail?id=1Uhef0fwR93MUc1tdCV-EQ4foGe1OUrdv&sz=w1000
Handmade Chair Laser File,https://drive.google.com/thumbnail?id=1AEdJHPniwbbO-VBUhKgzGmchh1_or-2T&sz=w1000
Chair Design Bundle SVG,https://drive.google.com/thumbnail?id=1dlzBI-9AJmLTW37BiCwrRx7VLrfIEGP2&sz=w1000
Furniture Chair CNC Pack,https://drive.google.com/thumbnail?id=1ynRIOOjC0gsqHGnuvH7wveX5v1bXaL0d&sz=w1000
Chair Wood Cut Template,https://drive.google.com/thumbnail?id=1onKZcHGs5eYKR4uiuvSPOME0EYm8GluR&sz=w1000
Outdoor Wooden Chair SVG,https://drive.google.com/thumbnail?id=1eKUkg-pq995inX2jqP4YNdeJPx1RZtsW&sz=w1000
Laser Cut Chair Pattern,https://drive.google.com/thumbnail?id=1Fp9wsj6KmEypf7Qcd43K703hQOiAwRPq&sz=w1000
Modern Chair Vector DXF,https://drive.google.com/thumbnail?id=1m4C_XEwbPdqWu4Lai4eHI6NH0AD1WXdE&sz=w1000
Chair Craft CNC Design,https://drive.google.com/thumbnail?id=1qUAbb-XozIY4p_OXc6sLWK4Dt3ftKjgJ&sz=w1000
Wooden Chair Modeling File,https://drive.google.com/thumbnail?id=1MESuNo2KG1I1i9qoA1jk588KvR7eY8CO&sz=w1000
Chair Sketch CNC Vector,https://drive.google.com/thumbnail?id=1rJtHY6KeDGRrSmuwVvqjVVjacytsZjP_&sz=w1000
Chair DIY Laser Cut Plan,https://drive.google.com/thumbnail?id=1J7CK0i26_49YXTkj3c2gMZ5WOOC6SpoI&sz=w1000
Furniture Design Chair Pack,https://drive.google.com/thumbnail?id=1N7qFf7xaZzGEKvlzh031wiolbd1J6_j3&sz=w1000
Chair Decor Wood File,https://drive.google.com/thumbnail?id=1tYlhDwMF4IXnT_jNOVKvxWQdB95ikxXI&sz=w1000
Elegant Wooden Chair SVG,https://drive.google.com/thumbnail?id=13CgAar_UrN6nkbv4Yl_VvWkf1BAOSspC&sz=w1000
Chair CNC Drawing File,https://drive.google.com/thumbnail?id=1E3MSvYXu82teHd0DZp-Bqv0ytHZHtyDj&sz=w1000
Chair Construction Template,https://drive.google.com/thumbnail?id=15K83_DuzV7YYIWrM36Td00ISxp0g0P7D&sz=w1000
Chair Art Laser Vector,https://drive.google.com/thumbnail?id=11lBvo3-rY66LzTLoVHwnecavNL2YV-dz&sz=w1000
Wooden Chair Maker File,https://drive.google.com/thumbnail?id=1XaCduZ8NWXWaEZPISfbSqeKvRhG-drLc&sz=w1000
Chair Home Decor CNC,https://drive.google.com/thumbnail?id=1QGYxoh1rCMNqWyi3HqPSPgb2bNrAj1N6&sz=w1000
Chair Cutting Pattern SVG,https://drive.google.com/thumbnail?id=1rbm1uiV14v3onC5HohAhKxmWAvf7NwmB&sz=w1000
Chair Design DXF Pack,https://drive.google.com/thumbnail?id=1mhkVhINhuzhsf4VeFZXyiQ7tR_j26y_W&sz=w1000
Chair Wood Project File,https://drive.google.com/thumbnail?id=1bJLbauioEXWln3MP9obE-jtH4w5HhLEY&sz=w1000
Laser Chair Art Design,https://drive.google.com/thumbnail?id=18QVWjkMqj3kw3j_TlfSM_nI6rYTRfEnZ&sz=w1000
Chair Modeling SVG Pack,https://drive.google.com/thumbnail?id=1C0uq0dZ8sxUnumq9Hw7K-lonxaKBNzsy&sz=w1000
Chair Structure CNC File,https://drive.google.com/thumbnail?id=1VGpa5kbUkr5Dv9JCHkBOOAjyXAzmhIC7&sz=w1000
Chair Frame Laser Design,https://drive.google.com/thumbnail?id=1dVYD-af3g43uWlnE6_Bt3VVniiOeWchs&sz=w1000
Chair Cut Pattern Bundle,https://drive.google.com/thumbnail?id=1tV1kaxYjfo7OJN1q3c_JY3ASLvEcVcvd&sz=w1000
Chair Build Wood Plans,https://drive.google.com/thumbnail?id=1KF8ew06nOUjkoAH74Kpn4aTbCf13L74U&sz=w1000
Chair CNC Art Collection,https://drive.google.com/thumbnail?id=1o1TcMuG2SaR9NVHV74Q17K4dre41RbCj&sz=w1000
Chair Decorative SVG Pack,https://drive.google.com/thumbnail?id=1w3-D6TIsnAuXd16oOvRoNz9JXt9j_FuW&sz=w1000
Chair Furniture Wood DXF,https://drive.google.com/thumbnail?id=1FWRRX5RxPjbLAyxjEdinP2LsVk89zLxi&sz=w1000
Chair Simple Laser File,https://drive.google.com/thumbnail?id=1FX3JjYH1aQOyUP-_-JbbtHFA68Pw1k31&sz=w1000
Chair Pattern Design Pack,https://drive.google.com/thumbnail?id=1apUfGHFwFNZS7Bdy3wRylrw1AvLzvTVf&sz=w1000
Chair Craft Wood Template,https://drive.google.com/thumbnail?id=1xLqCl6SGjsSfH1U-DozLdAXRaANfciSb&sz=w1000
Chair Maker SVG DXF,https://drive.google.com/thumbnail?id=1Ybo7xwrQX4Xo2TGi3OoaXnHHw1laxnOa&sz=w1000
Chair Laser Model Pack,https://drive.google.com/thumbnail?id=1i_U0PMxTyxljSyjVbbzNB7Sa5tzDSVGF&sz=w1000
Chair Wood Art Design,https://drive.google.com/thumbnail?id=1glV5Oflaqa6ZrhPhlR5TJvanbiP6KLuq&sz=w1000
Chair Vector CNC Files,https://drive.google.com/thumbnail?id=1YqGPGPqykqaOFIB9ZNn59-IXlGgDy4YY&sz=w1000
Chair Structure Design SVG,https://drive.google.com/thumbnail?id=1LjtBVhco6RDIxegS_QYmLTEu8dkzRPb6&sz=w1000
Chair Home Furniture Pack,https://drive.google.com/thumbnail?id=1jx9uIWG1smDG4jBuvwBKbYxjQxrdNuNx&sz=w1000
Chair Modern Wood Template,https://drive.google.com/thumbnail?id=1Sm1kmZjojsPcSy0BelUnQH8maDjZQJxm&sz=w1000
Chair DIY Craft Laser,https://drive.google.com/thumbnail?id=1EnVkykd3-vOSPflalUlR5dG8RG44JDos&sz=w1000
Chair Digital CNC File,https://drive.google.com/thumbnail?id=1sldtLQwVy5UtmTVjKpvKVPgQ0ciAtQIL&sz=w1000
Chair Project SVG Pack,https://drive.google.com/thumbnail?id=1Bxfba4uIcPcPpp0xkgrMJpG-TOPAeuN1&sz=w1000
Chair Wood Cut Design,https://drive.google.com/thumbnail?id=1dd9zHUqja6gQDC_55d6bxJL-xVmwt91z&sz=w1000
Chair Laser Craft Bundle,https://drive.google.com/thumbnail?id=1My-I7XO87-Y4yppJNpr4g-HxQhEYQWEP&sz=w1000
Chair Furniture Design Collection,https://drive.google.com/thumbnail?id=1CS-FOo28DZghi7gTrr-kVbuwQGJD83cg&sz=w1000
كرسي حلاق Barber Chair SVG / DXF Design,https://drive.google.com/thumbnail?id=1De56QVw_AmHlktuRAlCt_EUzzaZvK7V1&sz=w1000
كرسي مكتب Office Chair Vector CNC File,https://drive.google.com/thumbnail?id=1QUxpOVXjgcBnljZUyn1CEobPHLJ2qOqo&sz=w1000
كرسي مدير Director Chair تصميم احترافي,https://drive.google.com/thumbnail?id=13nrhNkTs7H-fA3Y5YYMqM9v7DaeDKgu3&sz=w1000
Chair Wood Cut Design,https://drive.google.com/thumbnail?id=1w4fLAJMRTxay_gKbnGJG7AHSW6YiS-GM&sz=w1000